id,headword,normalized,language,entry_type,lemma,base_form,token_count,reduplication_type,reduplication_pattern,grammatical_function,semantic_relation,register,dialect,script,bcp47,translation_status,reviewer,last_reviewed,part_of_speech,definition_kha,definition_en,variants,inflections,synonyms,antonyms,example_kha,example_en,domain,frequency,source,license,verification_status,notes
kha-000001,ïing,ïing,kha,word,ïing,ïing,1,,,,,,,Latn,kha,pending,,,noun,,house; home,,,,,,,general,,starter seed,CC0-example,pending,Illustrative seed entry
kha-000002,nga,nga,kha,word,nga,nga,1,,,,,,,Latn,kha,pending,,,pronoun,,I; me,,,,,,,general,,starter seed,CC0-example,pending,Illustrative seed entry
kha-000003,ngi,ngi,kha,word,ngi,ngi,1,,,,,,,Latn,kha,pending,,,pronoun,,we; us,,,,,,,general,,starter seed,CC0-example,pending,Illustrative seed entry
kha-000004,phi,phi,kha,word,phi,phi,1,,,,,,,Latn,kha,pending,,,pronoun,,you,,,,,,,general,,starter seed,CC0-example,pending,Illustrative seed entry
kha-000005,ki,ki,kha,word,ki,ki,1,,,,,,,Latn,kha,pending,,,,,,,,,,,,general,,starter seed,CC0-example,pending,Illustrative seed entry
kha-000006,ka,ka,kha,word,ka,ka,1,,,,,,,Latn,kha,pending,,,,,,,,,,,,general,,starter seed,CC0-example,pending,Illustrative seed entry
kha-000007,u,u,kha,word,u,u,1,,,,,,,Latn,kha,pending,,,,,,,,,,,,general,,starter seed,CC0-example,pending,Illustrative seed entry
kha-000008,bam,bam,kha,word,bam,bam,1,,,,,,,Latn,kha,pending,,,verb,,eat,,,,,,,general,,starter seed,CC0-example,pending,Illustrative seed entry
kha-000009,um,um,kha,word,um,um,1,,,,,,,Latn,kha,pending,,,noun,,water,,,,,,,general,,starter seed,CC0-example,pending,Illustrative seed entry
kha-000010,biang biang,biang biang,kha,reduplication,biang biang,biang,2,full,X X,,Requires Khasi linguistic review; do not infer meaning from repetition alone.,,,Latn,kha,pending,,,,,,,,,,,,general,,user-provided reduplication example,user-contributed example,pending,Stored as a first-class reduplicative construction; meaning intentionally left unverified.
kha-000011,wut wut,wut wut,kha,reduplication,wut wut,wut,2,full,X X,,Requires Khasi linguistic review; do not infer meaning from repetition alone.,,,Latn,kha,pending,,,,,,,,,,,,general,,user-provided reduplication example,user-contributed example,pending,Stored as a first-class reduplicative construction; meaning intentionally left unverified.
kha-000012,kloi kloi,kloi kloi,kha,reduplication,kloi kloi,kloi,2,full,X X,,Requires Khasi linguistic review; do not infer meaning from repetition alone.,,,Latn,kha,pending,,,,,,,,,,,,general,,user-provided reduplication example,user-contributed example,pending,Stored as a first-class reduplicative construction; meaning intentionally left unverified.
kha-000013,'ñiuhtmoh,'ñiuhtmoh,kha,word,'ñiuhtmoh,'ñiuhtmoh,1,,,,,general,Standard Khasi,Latn,kha,verified,KurbahTech,2026-10-07,noun,U shñiuh uba mih ha tmoh bad sawdong ka shyntur jong u briew.,beard; facial hair growing on the chin and lower face,,,,,U rangbah u don u 'ñiuhtmoh uba jrong.,The man has a long beard.,general,,enwiktionary-kha;final-review:kha-v04-p001-001,CC-BY-SA-4.0 source evidence; KhasiLex-original-editorial-data:CC-BY-SA-4.0,verified,Approved single noun sense: beard/facial hair. Canonical spelling 'ñiuhtmoh approved for this pilot record; relation to shñiuh retained as morphological evidence. Human final verification: KurbahTech 2026-10-07. Source/reuse reviewed; project-wide KhasiLex-authored linguistic/editorial data licence approved as CC BY-SA 4.0 on 2026-10-07.
kha-000014,balang,balang,kha,word,balang,balang,1,,,,,general,Standard Khasi,Latn,kha,verified,KurbahTech,2026-10-07,noun,Ka kynhun niam jong ki riewngeit kiba ïaseng bad ïamane lang.,church; religious congregation or religious society,,,,,Ka balang ka la pynlong ïa ka jingïaseng paidbah ha ka sngi U Trai.,The church held a public gathering on the Lord's Day.,general,,enwiktionary-kha;final-review:kha-v04-p001-002,CC-BY-SA-4.0 source evidence; KhasiLex-original-editorial-data:CC-BY-SA-4.0,verified,Approved noun sense: church/religious congregation or society. Historical adjectival use remains a separate historical/grammatical analysis and is not collapsed into this noun record. Human final verification: KurbahTech 2026-10-07. Source/reuse reviewed; project-wide KhasiLex-authored linguistic/editorial data licence approved as CC BY-SA 4.0 on 2026-10-07.
kha-000015,bamkhana,bamkhana,kha,word,bamkhana,bamkhana,1,,,,,general,Standard Khasi,Latn,kha,verified,KurbahTech,2026-10-07,noun,Ka jingïaleit ne jingïakynduh lang ban bam dih bad lehkmen ha ka jaka shabar; ha katto katne ki shnong ka lah ruh ban kdew ïa ka jingkhawai paidbah.,picnic or communal feast; an outing or gathering centred on eating together,bam khana,,,,Ki khynnah skul ki leit bamkhana bad ki nonghikai.,The schoolchildren went on a picnic with their teachers.,general,,enwiktionary-kha;final-review:kha-v04-p001-003,CC-BY-SA-4.0 source evidence; KhasiLex-original-editorial-data:CC-BY-SA-4.0,verified,Approved two related senses: (1) picnic/outing centred on eating together; (2) communal/village feast. Canonical pilot spelling bamkhana approved; spaced bam khana retained as an attested orthographic/phrase variant for later variant metadata. Human final verification: KurbahTech 2026-10-07. Source/reuse reviewed; project-wide KhasiLex-authored linguistic/editorial data licence approved as CC BY-SA 4.0 on 2026-10-07.
kha-000016,barobakhor,barobakhor,kha,word,barobakhor,barobakhor,1,,,,,general,Standard Khasi,Latn,kha,verified,KurbahTech,2026-10-07,noun,Ki jait musla ba pyndonkam ban pynsngewbang ne pyniwbih ïa ka jingbam.,spices; seasoning ingredients used in food,,,musla,,Ka kmie ka pyndonkam da ki barobakhor ban pynsngewbang ïa ka jyntah.,The mother uses spices to make the dish tasty.,general,,enwiktionary-kha;final-review:kha-v04-p001-004,CC-BY-SA-4.0 source evidence; KhasiLex-original-editorial-data:CC-BY-SA-4.0,verified,Approved noun sense: spices/seasoning ingredients. General register approved for the pilot; relationship to musla retained as synonym evidence. Human final verification: KurbahTech 2026-10-07. Source/reuse reviewed; project-wide KhasiLex-authored linguistic/editorial data licence approved as CC BY-SA 4.0 on 2026-10-07.
kha-000017,blei,blei,kha,word,blei,blei,1,,,,,general; religious,Standard Khasi,Latn,kha,verified,KurbahTech,2026-10-07,noun,U blei ne ka bor bakynja mynsiem kaba la mane kum kaba don bor halor ka jingim bad ka pyrthei.,god; deity; in Christian usage God,,,,,Ki briew ki mane ïa Blei katkum ka jingngeit jong ki.,People worship God according to their faith.,religion,,enwiktionary-kha;final-review:kha-v04-p001-005,CC-BY-SA-4.0 source evidence; KhasiLex-original-editorial-data:CC-BY-SA-4.0,verified,Approved noun sense structure: (1) god/deity as common noun; (2) Christian referential use God/Blei with capitalization governed by context. Religious/general register approved. Human final verification: KurbahTech 2026-10-07. Source/reuse reviewed; project-wide KhasiLex-authored linguistic/editorial data licence approved as CC BY-SA 4.0 on 2026-10-07.
kha-000018,bnai,bnai,kha,word,bnai,bnai,1,,,,,general,Standard Khasi,Latn,kha,verified,KurbahTech,2026-10-07,noun,Ka kyntien bnai ka don ar jingmut: ka bynta por kaba ju don 28 haduh 31 sngi; bad u met bneng uba tawiar ïa ka pyrthei bad uba paw mynmiet.,month; moon,,,,,Ngi la ap ar bnai ban pyndep ïa ka kam. | U bnai u shai bha mynta ka miet.,We waited two months to complete the work. | The moon is bright tonight.,general,,enwiktionary-kha;final-review:kha-v04-p001-006,CC-BY-SA-4.0 source evidence; KhasiLex-original-editorial-data:CC-BY-SA-4.0,verified,Approved two separate senses: MONTH and MOON. They must remain distinct sense records/identifiers even though they share the headword bnai. Human final verification: KurbahTech 2026-10-07. Source/reuse reviewed; project-wide KhasiLex-authored linguistic/editorial data licence approved as CC BY-SA 4.0 on 2026-10-07.
kha-000019,bniat,bniat,kha,word,bniat,bniat,1,,,,,general,Standard Khasi,Latn,kha,verified,KurbahTech,2026-10-07,noun,Ka bynta kaba eh ha shyntur kaba pyndonkam ban tmah bad tylliat ïa ka jingbam.,tooth,byniat,,,,U khynnah u la duh kawei ka bniat.,The child lost one tooth.,general,,enwiktionary-kha;final-review:kha-v04-p001-007,CC-BY-SA-4.0 source evidence; KhasiLex-original-editorial-data:CC-BY-SA-4.0,verified,Approved anatomical noun sense: tooth. Historical byniat retained as variant/provenance evidence; modern canonical spelling bniat approved. Human final verification: KurbahTech 2026-10-07. Source/reuse reviewed; project-wide KhasiLex-authored linguistic/editorial data licence approved as CC BY-SA 4.0 on 2026-10-07.
kha-000020,briew,briew,kha,word,briew,briew,1,,,,,general,Standard Khasi,Latn,kha,verified,KurbahTech,2026-10-07,noun,U ne ka dkhot jong ka jaidbynriew.,person; human being,briw,,,,U briew u dei ban sumar ïa ka mariang.,A person should care for the environment.,general,,enwiktionary-kha;final-review:kha-v04-p001-008,CC-BY-SA-4.0 source evidence; KhasiLex-original-editorial-data:CC-BY-SA-4.0,verified,Approved canonical modern lemma briew with noun sense person/human being. briw is linked as a variant form rather than a separate unrelated lemma. Human final verification: KurbahTech 2026-10-07. Source/reuse reviewed; project-wide KhasiLex-authored linguistic/editorial data licence approved as CC BY-SA 4.0 on 2026-10-07.
kha-000021,briw,briw,kha,word,briew,briew,1,,,,variant_of:briew,general,Khasi variant,Latn,kha,verified,KurbahTech,2026-10-07,noun,Ka rukom thoh kawei jong briew kaba mut u ne ka dkhot jong ka jaidbynriew.,alternative form of briew: person; human being,,,,,Ki briw ki la wan ïaseng ha ka madan.,The people came together at the field.,general,,enwiktionary-kha;final-review:kha-v04-p001-009,CC-BY-SA-4.0 source evidence; KhasiLex-original-editorial-data:CC-BY-SA-4.0,verified,"Approved verified variant relationship: headword briw is an alternative form of canonical briew, with the same person/human-being sense; it is not an unrelated canonical lemma. Human final verification: KurbahTech 2026-10-07. Source/reuse reviewed; project-wide KhasiLex-authored linguistic/editorial data licence approved as CC BY-SA 4.0 on 2026-10-07."
kha-000022,burom,burom,kha,word,burom,burom,1,,,,,general,Standard Khasi,Latn,kha,verified,KurbahTech,2026-10-07,noun,Ka jingñiewkor bad jingkheiñkor ba la ai ïa u briew ne ïa ka kam; ka lah ruh ban kdew ïa ka nam bad ka dignity jong u briew.,honour; glory; dignity; esteem,,,,,U la ïoh ïa ka burom na ka shnong namar ka kam babha jong u.,He received honour from the village for his good work.,general,,enwiktionary-kha;final-review:kha-v04-p001-010,CC-BY-SA-4.0 source evidence; KhasiLex-original-editorial-data:CC-BY-SA-4.0,verified,Approved noun senses honour/glory/dignity/esteem. Historical verb 'to honour' remains a separate grammatical entry and must not be collapsed into this noun record. Human final verification: KurbahTech 2026-10-07. Source/reuse reviewed; project-wide KhasiLex-authored linguistic/editorial data licence approved as CC BY-SA 4.0 on 2026-10-07.
kha-000023,bynriew,bynriew,kha,word,bynriew,bynriew,1,,,,,general,Standard Khasi,Latn,kha,verified,KurbahTech,2026-10-07,noun,U briew ne ka jingthaw briew; u ne ka dkhot jong ka jaidbynriew.,human being; person,,,,,U bynriew u don ka jingkitkhlieh ban sumar ïa ka mariang.,A human being has a responsibility to care for nature.,general,,enwiktionary-kha;nissor-1906-kha-en;final-review:kha-v04-p001-011,CC-BY-SA-4.0 source evidence; Nissor 1906 public-domain evidence; KhasiLex-original-editorial-data:CC-BY-SA-4.0,verified,Approved noun sense: human being/person. Nissor 1906 also records a separate adjectival sense meaning in good condition or sound; keep that historical adjective separate. Human final verification: KurbahTech 2026-10-07. Source/reuse reviewed; KhasiLex-authored linguistic/editorial data licensed CC BY-SA 4.0.
kha-000024,bynta,bynta,kha,word,bynta,bynta,1,,,,,general,Standard Khasi,Latn,kha,verified,KurbahTech,2026-10-07,noun,Ka bhah ne ka bynta jong kaei kaei kaba kham heh; ka lah ban mut ruh ka bynta jong ka kam ne jingthoh.,portion; share; part; section,,,,,Kane ka dei ka bynta ba nyngkong jong ka kitab.,This is the first part of the book.,general,,enwiktionary-kha;nissor-1906-kha-en;final-review:kha-v04-p001-012,CC-BY-SA-4.0 source evidence; Nissor 1906 public-domain evidence; KhasiLex-original-editorial-data:CC-BY-SA-4.0,verified,Approved related noun senses: portion/share/lot and part/section. Approved as related senses for this pilot record; richer sense identifiers may be split later. Human final verification: KurbahTech 2026-10-07. Source/reuse reviewed; KhasiLex-authored linguistic/editorial data licensed CC BY-SA 4.0.
kha-000025,dieng,dieng,kha,word,dieng,dieng,1,,,,,general,Standard Khasi,Latn,kha,verified,KurbahTech,2026-10-07,noun,Ka jingthung kaba heh kaba don met bad tnat; ha katto katne ki jingpyndonkam ka kyntien ka lah ruh ban kdew ïa ka dieng shna.,tree; timber,,,,,U dieng uba heh u ai jingïada na ka sngi.,The large tree gives shade from the sun.,general,,enwiktionary-kha;nissor-1906-kha-en;final-review:kha-v04-p001-013,CC-BY-SA-4.0 source evidence; Nissor 1906 public-domain evidence; KhasiLex-original-editorial-data:CC-BY-SA-4.0,verified,Approved senses: tree and timber. Approved for this pilot record; richer sense/gender modelling may be split later. Human final verification: KurbahTech 2026-10-07. Source/reuse reviewed; KhasiLex-authored linguistic/editorial data licensed CC BY-SA 4.0.
kha-000026,ding,ding,kha,word,ding,ding,1,,,,,general,Standard Khasi,Latn,kha,verified,KurbahTech,2026-10-07,noun,Ka ding ka pynmih jingshit bad jingshai haba kaei kaei ka ing ne shah thang.,fire,,,,,Ki la tbeh ding ban shet ja.,They lit a fire to cook food.,general,,enwiktionary-kha;nissor-1906-kha-en;final-review:kha-v04-p001-014,CC-BY-SA-4.0 source evidence; Nissor 1906 public-domain evidence; KhasiLex-original-editorial-data:CC-BY-SA-4.0,verified,Approved noun sense: fire. Modern Wiktionary and Nissor 1906 agree on this sense. Human final verification: KurbahTech 2026-10-07. Source/reuse reviewed; KhasiLex-authored linguistic/editorial data licensed CC BY-SA 4.0.
kha-000027,dkhan,dkhan,kha,word,dkhan,dkhan,1,,,,,general,Standard Khasi,Latn,kha,verified,KurbahTech,2026-10-07,noun,U jait mrad rit uba shong hapoh khyndew; ki tyllong barim ki batai ïa u kum u hill-rat ne mole.,mole; hill rat,,,,,U dkhan u la mih na ka thliew ha khyndew.,The mole or hill rat came out of a hole in the ground.,general,,enwiktionary-kha;nissor-1906-kha-en;final-review:kha-v04-p001-015,CC-BY-SA-4.0 source evidence; Nissor 1906 public-domain evidence; KhasiLex-original-editorial-data:CC-BY-SA-4.0,verified,Approved zoological noun. Nissor 1906 says a kind of hill-rat or mole; no precise biological species is asserted by this approval. Human final verification: KurbahTech 2026-10-07. Source/reuse reviewed; KhasiLex-authored linguistic/editorial data licensed CC BY-SA 4.0.
kha-000028,doh,doh,kha,word,doh,doh,1,,,,,general,Standard Khasi,Latn,kha,verified,KurbahTech,2026-10-07,noun,Ka bynta ba jem jong ka met jong u mrad; haba pyndonkam kum ka jingbam ka mut ka doh bam.,meat; flesh,,,,,Ngi shet doh bad jhur na ka bynta ka ja miet.,We cooked meat and vegetables for dinner.,general,,enwiktionary-kha;nissor-1906-kha-en;final-review:kha-v04-p001-016,CC-BY-SA-4.0 source evidence; Nissor 1906 public-domain evidence; KhasiLex-original-editorial-data:CC-BY-SA-4.0,verified,Approved noun senses: meat/flesh. Nissor 1906 also records a separate verb sense meaning to kiss; do not collapse it into this noun record. Human final verification: KurbahTech 2026-10-07. Source/reuse reviewed; KhasiLex-authored linguistic/editorial data licensed CC BY-SA 4.0.
kha-000029,dohkha,dohkha,kha,word,dohkha,dohkha,1,,,,,general,Standard Khasi,Latn,kha,verified,KurbahTech,2026-10-07,noun,U ne ka mrad uba im ha um bad uba ju shah tong ne bam kum ka jingbam.,fish,,,,,U kpa u leit tong dohkha ha wah.,Father went fishing in the river.,general,,enwiktionary-kha;nissor-1906-kha-en;final-review:kha-v04-p001-017,CC-BY-SA-4.0 source evidence; Nissor 1906 public-domain evidence; KhasiLex-original-editorial-data:CC-BY-SA-4.0,verified,Approved noun sense: fish. Wiktionary and Nissor 1906 agree. Approved for this pilot record; richer gender/count metadata may be added later. Human final verification: KurbahTech 2026-10-07. Source/reuse reviewed; KhasiLex-authored linguistic/editorial data licensed CC BY-SA 4.0.
kha-000030,masi,masi,kha,word,masi,masi,1,,,,,general,Standard Khasi,Latn,kha,verified,KurbahTech,2026-10-07,noun,U ne ka mrad ri uba heh; ka kyntien ka kynthup ïa ka masi kynthei bad masi shynrang.,cattle; cow; bull; ox,,,,,Ka masi ka bam phlang ha madan.,The cow is eating grass in the field.,general,,enwiktionary-kha;nissor-1906-kha-en;final-review:kha-v04-p001-018,CC-BY-SA-4.0 source evidence; Nissor 1906 public-domain evidence; KhasiLex-original-editorial-data:CC-BY-SA-4.0,verified,"Approved cattle sense. Nissor 1906 gives cow, bull and ox; modern Wiktionary gives cow and bull. Approved as a broad cattle record for the pilot; sex-specific senses may be split later. Human final verification: KurbahTech 2026-10-07. Source/reuse reviewed; KhasiLex-authored linguistic/editorial data licensed CC BY-SA 4.0."
kha-000031,maw,maw,kha,word,maw,maw,1,,,,,general,Standard Khasi,Latn,kha,verified,KurbahTech,2026-10-07,noun,"U bynta uba eh jong ka khyndew ne lum, kum u maw rit ne u mawbah.",stone; rock,,,,,U la buh u maw ha syndah ka lynti.,He placed a stone beside the path.,general,,enwiktionary-kha;nissor-1906-kha-en;final-review:kha-v04-p001-019,CC-BY-SA-4.0 source evidence; Nissor 1906 public-domain evidence; KhasiLex-original-editorial-data:CC-BY-SA-4.0,verified,Approved noun sense: stone/rock. Modern Wiktionary and Nissor 1906 agree. Human final verification: KurbahTech 2026-10-07. Source/reuse reviewed; KhasiLex-authored linguistic/editorial data licensed CC BY-SA 4.0.
kha-000032,mrad,mrad,kha,word,mrad,mrad,1,,,,,general,Standard Khasi,Latn,kha,verified,KurbahTech,2026-10-07,noun,Ka jingthaw ba im kaba ym dei u briew; ka kynthup ïa ki mrad khlaw bad ki mrad ri.,animal; beast,,,,,Ki mrad khlaw ki im ha khlaw.,Wild animals live in the forest.,general,,enwiktionary-kha;nissor-1906-kha-en;final-review:kha-v04-p001-020,CC-BY-SA-4.0 source evidence; Nissor 1906 public-domain evidence; KhasiLex-original-editorial-data:CC-BY-SA-4.0,verified,Approved noun sense: animal/beast. Nissor 1906 also records a separate adjectival sense cruel/inhuman; keep that adjective separate. Human final verification: KurbahTech 2026-10-07. Source/reuse reviewed; KhasiLex-authored linguistic/editorial data licensed CC BY-SA 4.0.
kha-000033,musla,musla,kha,word,musla,musla,1,,,,,general,Standard Khasi,Latn,kha,verified,KurbahTech,2026-10-07,noun,U jait jingkhleh ba pyndonkam ban pyniwbih bad pynsngewbang ïa ka jingbam.,spice; spices,,,barobakhor,,Ka kmie ka buh musla ha ka jyntah.,Mother adds spices to the dish.,general,,enwiktionary-kha;nissor-1906-kha-en;final-review:kha-v04-p001-021,CC-BY-SA-4.0 source evidence; Nissor 1906 public-domain evidence; KhasiLex-original-editorial-data:CC-BY-SA-4.0,verified,Approved noun sense: spice/spices. Wiktionary and Nissor 1906 agree; barobakhor is retained as synonym evidence. Human final verification: KurbahTech 2026-10-07. Standard pilot cross-check policy includes Nissor 1920 English-Khasi Dictionary for lexical equivalents and Hints on the Study of the Khasi Language for grammar/POS corroboration; these remain corroborating evidence only and do not create automatic verification authority. Source/reuse reviewed; KhasiLex-authored linguistic/editorial data licensed CC BY-SA 4.0.
kha-000034,niam,niam,kha,word,niam,niam,1,,,,,general; religious,Standard Khasi,Latn,kha,verified,KurbahTech,2026-10-07,noun,Ka rukom jingngeit bad jingmane kaba ïadei bad U Blei ne ka bor bakynja mynsiem; ka lah ruh ban kynthup ïa ki rukom niam bad ki dustur.,religion; religious customs; belief system,,,,,U briew u bud ïa la ka niam bad ki rukom jong ka.,A person follows their religion and its customs.,religion,,enwiktionary-kha;nissor-1906-kha-en;final-review:kha-v04-p001-022,CC-BY-SA-4.0 source evidence; Nissor 1906 public-domain evidence; KhasiLex-original-editorial-data:CC-BY-SA-4.0,verified,Approved noun senses: religion/belief system and religious customs/usages. These are closely related but may later receive separate sense identifiers. Human final verification: KurbahTech 2026-10-07. Standard pilot cross-check policy includes Nissor 1920 English-Khasi Dictionary for lexical equivalents and Hints on the Study of the Khasi Language for grammar/POS corroboration; these remain corroborating evidence only and do not create automatic verification authority. Source/reuse reviewed; KhasiLex-authored linguistic/editorial data licensed CC BY-SA 4.0.
kha-000035,pdeng,pdeng,kha,word,pdeng,pdeng,1,,,,,general,Standard Khasi,Latn,kha,verified,KurbahTech,2026-10-07,noun,Ka bynta kaba don hapdeng jong ar ne bun tylli ki bynta ne ki jaka.,middle; centre,,,,,Ka ïing ka don ha pdeng shnong.,The house is in the middle of the village.,general,,enwiktionary-kha;nissor-1906-kha-en;final-review:kha-v04-p001-023,CC-BY-SA-4.0 source evidence; Nissor 1906 public-domain evidence; KhasiLex-original-editorial-data:CC-BY-SA-4.0,verified,Approved noun sense: middle/centre. Nissor 1906 and Wiktionary agree on this sense. Human final verification: KurbahTech 2026-10-07. Standard pilot cross-check policy includes Nissor 1920 English-Khasi Dictionary for lexical equivalents and Hints on the Study of the Khasi Language for grammar/POS corroboration; these remain corroborating evidence only and do not create automatic verification authority. Source/reuse reviewed; KhasiLex-authored linguistic/editorial data licensed CC BY-SA 4.0.
kha-000036,phira,phira,kha,word,phira,phira,1,,,,,general,Standard Khasi,Latn,kha,verified,KurbahTech,2026-10-07,noun,U briew uba ap bad peitngor ban ïada ïa ka jaka ne ïa ki briew.,sentry; guard; watchman,,,,,U phira u ap ha khyrdop mynmiet.,The sentry stands guard at the gate at night.,general,,enwiktionary-kha;nissor-1906-kha-en;final-review:kha-v04-p001-024,CC-BY-SA-4.0 source evidence; Nissor 1906 public-domain evidence; KhasiLex-original-editorial-data:CC-BY-SA-4.0,verified,Approved noun sense: sentry/guard/watchman. The separately attested verb phira 'to guard/watch' must remain a distinct grammatical entry. Human final verification: KurbahTech 2026-10-07. Standard pilot cross-check policy includes Nissor 1920 English-Khasi Dictionary for lexical equivalents and Hints on the Study of the Khasi Language for grammar/POS corroboration; these remain corroborating evidence only and do not create automatic verification authority. Source/reuse reviewed; KhasiLex-authored linguistic/editorial data licensed CC BY-SA 4.0.
kha-000037,phlang,phlang,kha,word,phlang,phlang,1,,,,,general,Standard Khasi,Latn,kha,verified,KurbahTech,2026-10-07,noun,U jait jingthung rit uba mih paidbah ha madan bad ha khyndew.,grass,'lang,,,,Ki masi ki bam phlang ha madan.,The cattle eat grass in the field.,general,,enwiktionary-kha;nissor-1906-kha-en;final-review:kha-v04-p001-025,CC-BY-SA-4.0 source evidence; Nissor 1906 public-domain evidence; KhasiLex-original-editorial-data:CC-BY-SA-4.0,verified,Approved noun sense: grass. Wiktionary and Nissor 1906 agree; historical alternative form 'lang is retained as provenance evidence. Human final verification: KurbahTech 2026-10-07. Standard pilot cross-check policy includes Nissor 1920 English-Khasi Dictionary for lexical equivalents and Hints on the Study of the Khasi Language for grammar/POS corroboration; these remain corroborating evidence only and do not create automatic verification authority. Source/reuse reviewed; KhasiLex-authored linguistic/editorial data licensed CC BY-SA 4.0.
kha-000038,phria,phria,kha,word,phria,phria,1,,,,,general,Standard Khasi,Latn,kha,verified,KurbahTech,2026-10-07,noun,U thah uba long kum u symbai ne u mawrit uba hap na suiñ ha por slap.,hailstone,,,,,U phria u la hap jur ha ka shnong.,Hailstones fell heavily in the village.,weather,,enwiktionary-kha;nissor-1906-kha-en;final-review:kha-v04-p001-026,CC-BY-SA-4.0 source evidence; Nissor 1906 public-domain evidence; KhasiLex-original-editorial-data:CC-BY-SA-4.0,verified,"Approved noun sense: hailstone. Modern Wiktionary, the 1891 Khasi Bible quotation, and Nissor 1906 support this sense. Human final verification: KurbahTech 2026-10-07. Standard pilot cross-check policy includes Nissor 1920 English-Khasi Dictionary for lexical equivalents and Hints on the Study of the Khasi Language for grammar/POS corroboration; these remain corroborating evidence only and do not create automatic verification authority. Source/reuse reviewed; KhasiLex-authored linguistic/editorial data licensed CC BY-SA 4.0."
kha-000039,pylleng,pylleng,kha,word,pylleng,pylleng,1,,,,,general,Standard Khasi,Latn,kha,verified,KurbahTech,2026-10-07,noun,Ka bynta kaba kha da ki sim bad kiwei ki mrad; bunsien la bam ruh kum ka jingbam.,egg,'leng,,,,Ka syiar ka la kha kawei ka pylleng.,The hen laid an egg.,general,,enwiktionary-kha;nissor-1906-kha-en;final-review:kha-v04-p001-027,CC-BY-SA-4.0 source evidence; Nissor 1906 public-domain evidence; KhasiLex-original-editorial-data:CC-BY-SA-4.0,verified,Approved primary noun sense: egg. Nissor 1906 records pylleng and abbreviated 'leng with this sense. Unreviewed slang/body-part senses from community sources are not imported into this verified candidate. Human final verification: KurbahTech 2026-10-07. Standard pilot cross-check policy includes Nissor 1920 English-Khasi Dictionary for lexical equivalents and Hints on the Study of the Khasi Language for grammar/POS corroboration; these remain corroborating evidence only and do not create automatic verification authority. Source/reuse reviewed; KhasiLex-authored linguistic/editorial data licensed CC BY-SA 4.0.
kha-000040,pyrsut,pyrsut,kha,word,pyrsut,pyrsut,1,,,,,general,Standard Khasi,Latn,kha,verified,KurbahTech,2026-10-07,noun,Ka tiar kaba pyndonkam ban pynbeh lyer sha ka ding.,bellows; pair of bellows,,,,,U nongtih nar u pyndonkam ïa ka pyrsut ban pynkhlaiñ ïa ka ding.,The smith uses the bellows to strengthen the fire.,general,,enwiktionary-kha;nissor-1906-kha-en;final-review:kha-v04-p001-028,CC-BY-SA-4.0 source evidence; Nissor 1906 public-domain evidence; KhasiLex-original-editorial-data:CC-BY-SA-4.0,verified,Approved noun sense: bellows/pair of bellows. Nissor 1906 also records pyrsut as a verb 'to blow/set air in current'; keep that verb sense separate. Human final verification: KurbahTech 2026-10-07. Standard pilot cross-check policy includes Nissor 1920 English-Khasi Dictionary for lexical equivalents and Hints on the Study of the Khasi Language for grammar/POS corroboration; these remain corroborating evidence only and do not create automatic verification authority. Source/reuse reviewed; KhasiLex-authored linguistic/editorial data licensed CC BY-SA 4.0.
kha-000041,pyrthat,pyrthat,kha,word,pyrthat,pyrthat,1,,,,,general,Standard Khasi,Latn,kha,verified,KurbahTech,2026-10-07,noun,Ka jingsawa kaba khlaiñ ha suiñ kaba ju ïadei bad ka leilieh ha por slap.,thunder,,,,,U pyrthat u tied jam ha por slap.,The thunder sounded loudly during the rain.,weather,,enwiktionary-kha;nissor-1906-kha-en;final-review:kha-v04-p001-029,CC-BY-SA-4.0 source evidence; Nissor 1906 public-domain evidence; KhasiLex-original-editorial-data:CC-BY-SA-4.0,verified,Approved noun sense: thunder. Wiktionary and Nissor 1906 agree; leilieh is retained as the related lightning term rather than collapsed into this sense. Human final verification: KurbahTech 2026-10-07. Standard pilot cross-check policy includes Nissor 1920 English-Khasi Dictionary for lexical equivalents and Hints on the Study of the Khasi Language for grammar/POS corroboration; these remain corroborating evidence only and do not create automatic verification authority. Source/reuse reviewed; KhasiLex-authored linguistic/editorial data licensed CC BY-SA 4.0.
kha-000042,pyrthei,pyrthei,kha,word,pyrthei,pyrthei,1,,,,,general,Standard Khasi,Latn,kha,verified,KurbahTech,2026-10-07,noun,"Ka pyrthei kaba ngi im bad, ha ka jingpyndonkam paidbah, ka jingïadei bad ka jingim jong ki briew bad ki jingthaw baroh.",world; earth,,,,,Ngi dei ban sumar ïa ka pyrthei.,We should care for the world.,general,,enwiktionary-kha;nissor-1906-kha-en;final-review:kha-v04-p001-030,CC-BY-SA-4.0 source evidence; Nissor 1906 public-domain evidence; KhasiLex-original-editorial-data:CC-BY-SA-4.0,verified,Approved noun sense: world/earth. Nissor 1906 explicitly gives 'the world'; broader Earth usage is retained for human review. Human final verification: KurbahTech 2026-10-07. Standard pilot cross-check policy includes Nissor 1920 English-Khasi Dictionary for lexical equivalents and Hints on the Study of the Khasi Language for grammar/POS corroboration; these remain corroborating evidence only and do not create automatic verification authority. Source/reuse reviewed; KhasiLex-authored linguistic/editorial data licensed CC BY-SA 4.0.
