candidate_id,historical_headword,canonical_candidate,pos,definition_kha_candidate,definition_en_candidate,example_kha_candidate,example_en_candidate,semantic_domain,cross_check_1906,cross_check_1920,cross_check_hints,modern_attestation,sense_concept_status,editorial_decision,review_notes
g1-hist-002-002,'baiwai,baiwai,noun,"Ka pisa kaba siew na ka bynta ban pyndonkam shipor ïa ka ïing, jaka ne kawei pat ka mar jong uwei pat.","rent; payment for temporary use of property","U siew ïa ka baiwai ïing manla u bnai.","He pays the house rent every month.",commerce,confirmed,required,not_applicable,required,reserve_on_promotion,needs_modern_evidence,"1906 gloss is concise; candidate definition/example are KhasiLex-authored and remain non-authoritative."
g1-hist-002-005,'der-phiang,der-phiang,noun,"U phlang uba la pynkhreh ban tap tnum ïing.","grass prepared for thatching","La pynkhreh ïa u der-phiang ban tap ïa ka tnum.","The grass was prepared for thatching the roof.",material-culture,confirmed,required,required,required,reserve_on_promotion,needs_modern_evidence,"Compound and hyphenation need current Khasi confirmation."
g1-hist-002-006,'dewiong,dewiong,noun,"Ka jait marpoh khyndew kaba ïong bad kaba lah ban thang, kaba ju pyndonkam kum ka tyllong bor.","coal","La tih dewiong na ka jaka tih marpoh khyndew.","Coal was mined from the mine.",geology,confirmed,corroborated,not_applicable,confirmed,reserve_on_promotion,evidence_strengthened,"1920 reverse evidence records dew-iong/dewïong for coal; modern Meghalaya Mining and Geology Khasi text independently uses dewiong for coal. Candidate still needs owner review before promotion."
g1-hist-002-007,'dewksang,dewksang,noun,"Ka khyndew kaba eh ne kaba skhem.","hard earth; compact soil","Ka dewksang ka long kaba eh ban tih.","The hard earth is difficult to dig.",geology,confirmed,required,not_applicable,required,reserve_on_promotion,needs_modern_evidence,"Definition preserves the narrow 1906 sense."
g1-hist-002-008,'dewkynroi,dewkynroi,noun,"Ka khyndew kaba jem bad kaba lait, ym kaba skhem.","loose earth; loose soil","Ka dewkynroi ka suk ban tih.","Loose soil is easy to dig.",geology,confirmed,required,not_applicable,required,reserve_on_promotion,needs_modern_evidence,"Keep explicit contrast with dewtrai."
g1-hist-002-009,'dewlynnong,dewlynnong,noun,"Ka bynta khyndew kaba don hapdeng um bad kaba la ker da ka um.","island","Ka dewlynnong ka don hapdeng ka um.","The island lies amid the water.",geography,confirmed,required,not_applicable,required,reserve_on_promotion,needs_modern_evidence,"Historical island sense is clear; current lexical use still required."
g1-hist-002-010,'dewmet,dewmet,noun,"Ka dewmet ka kdew ïa ka pum pum ne ka khyndew kaba khlem shyiap bad maw.","dust; fine earth or soil free from sand and stone","Ka lyer ka pynher ïa ka dewmet.","The wind blows the dust.",geology,confirmed,required,not_applicable,required,split_required,needs_sense_review,"Do not collapse dust and soil senses until human review determines their relationship."
g1-hist-002-011,'dewsaw,dewsaw,noun,"Ka khyndew kaba saw rong.","red earth; red soil","Ka dewsaw ka paw saw hadien ka slap.","The red soil appears red after the rain.",geology,confirmed,required,not_applicable,required,reserve_on_promotion,needs_modern_evidence,"Candidate modern definition is deliberately narrow."
g1-hist-002-012,'dewshrah,dewshrah,noun,"Ka khyndew ne jaka rep kaba dang don ha ka jingïadei bad ka jingrep, hynrei ki jingmut ba pher jong ka kyntien ki dang donkam jingïapher.","fallow land; arable land; virgin soil",,,agriculture,confirmed,required,not_applicable,required,split_required,needs_sense_review,"Three historical glosses may not be coextensive; no example authored until sense boundaries are settled."
g1-hist-002-013,'dewtrai,dewtrai,noun,"Ka khyndew kaba skhem ne ka jaka khyndew kaba skhem, ym ka khyndew kaba lait.","solid earth; terra firma","U la poi biang ha dewtrai hadien ba u la mih na ka um.","He reached solid ground again after leaving the water.",geography,confirmed,required,not_applicable,required,reserve_on_promotion,needs_modern_evidence,"Preserve historical contrast with dewkynroi."
g1-hist-002-014,'diangti-diangjat,diangti-diangjat,verb,"Ban pdiang pura ne ban pdiang lut ïa kaei kaei.","to receive completely","U la diangti-diangjat ïa ka jingai.","He received the gift completely.",general,confirmed,required,required,required,reserve_on_promotion,needs_modern_evidence,"Compound verb needs modern form/usage confirmation."
g1-hist-002-016,'iiewlep,iiewlep,noun,"Ka thliew ne ka buit kaba la buh ban pynhap ne kem ïa u briew ne mrad.","pitfall; concealed pit trap","Ki la buh ïa ka iiewlep ban kem mrad.","They set a pitfall to catch an animal.",general,confirmed,required,not_applicable,required,reserve_on_promotion,needs_modern_evidence,"Modern spelling and current use required."
g1-hist-002-017,'jat-diih,jat-duh,noun,"U shympriah kjat uba rit tam.","little toe","U la mynsaw ha u jat-diih.","He injured his little toe.",anatomy,source_correction_required,required,required,required,blocked,source_mismatch,"Proofread Nissor 1906 page reads 'jat-duh = little toe, not 'jat-diih. Block candidate until historical source record/OCR is corrected and then re-review modern form."
g1-hist-002-018,'jat-kmie,jat-kmie,noun,"U shympriah kjat uba heh tam.","big toe","U jat-kmie jong u la mynsaw.","His big toe was injured.",anatomy,confirmed,required,required,required,reserve_on_promotion,needs_modern_evidence,"Hyphenation and modern spelling require review."
g1-hist-002-019,'kain-dait,kain-dait,noun,"U kynja khñiang uba dih snam da kaba dait.","mosquito","U kain-dait u la dait ïa nga.","A mosquito bit me.",zoology,confirmed,required,not_applicable,required,reserve_on_promotion,needs_modern_evidence,"Faunal identity and current spelling require modern corroboration."
g1-hist-002-020,'kain-iong,kain-iong,noun,"U kynja khñiang iong uba ju wan ha doh ne ki marbam.","meat-fly; dark fly associated with meat","U kain-iong u la wan ha ka doh.","The meat-fly came to the meat.",zoology,confirmed,required,not_applicable,required,reserve_on_promotion,needs_modern_evidence,"Faunal identity needs modern corroboration before authoritative definition."
