candidate_id,source_record_id,historical_headword,normalized_candidate,part_of_speech_candidate,entry_type,historical_gloss_raw,source_page_approx,ocr_confidence,primary_source,cross_check_1920,cross_check_hints,modern_spelling_review,definition_kha_status,natural_example_status,decision,comments
g1-hist-002-001,kha-n1906-000033,'amduh,'amduh,noun,word,the wisdom tooth.,8,0.975,nissor-1906-kha-en,pending,pending,pending,required,required,pending_human_review,"Clean historical candidate; apostrophe/modern canonical spelling must be reviewed."
g1-hist-002-002,kha-n1906-000107,'baiwai,'baiwai,noun,word,rent.,13,0.975,nissor-1906-kha-en,pending,pending,pending,required,required,pending_human_review,"Historical gloss is concise; modern form and sense require corroboration."
g1-hist-002-003,kha-n1906-000153,'bat,'bat,noun,word,"{abbrev. of kynbat) weed; medicinal plant.",15,0.975,nissor-1906-kha-en,pending,pending,pending,required,required,pending_human_review,"Abbreviated historical form; do not promote without modern lexical-status review."
g1-hist-002-004,kha-n1906-001166,'dait,'dait,noun,word,"{abbrev. of kdait) ekra; reed.",74,0.975,nissor-1906-kha-en,pending,pending,pending,required,required,pending_human_review,"Abbreviated historical form; canonical status requires human review."
g1-hist-002-005,kha-n1906-001203,'der-phiang,'der-phiang,noun,compound,grass dressed for thatching.,76,0.975,nissor-1906-kha-en,pending,pending,pending,required,required,pending_human_review,"Compound candidate; hyphenation and modern usage require review."
g1-hist-002-006,kha-n1906-001208,'dewiong,'dewiong,noun,word,coal.,76,0.975,nissor-1906-kha-en,pending,pending,pending,required,required,pending_human_review,"Clean historical coal sense; verify modern canonical spelling."
g1-hist-002-007,kha-n1906-001206,'dewksang,'dewksang,noun,word,hard earth.,76,0.975,nissor-1906-kha-en,pending,pending,pending,required,required,pending_human_review,"Earth/soil lexical candidate; modern attestation required."
g1-hist-002-008,kha-n1906-001207,'dewkynroi,'dewkynroi,noun,word,loose earth.,76,0.975,nissor-1906-kha-en,pending,pending,pending,required,required,pending_human_review,"Earth/soil lexical candidate; modern attestation required."
g1-hist-002-009,kha-n1906-001209,'dewlynnong,'dewlynnong,noun,word,an island.,76,0.975,nissor-1906-kha-en,pending,pending,pending,required,required,pending_human_review,"Geographic noun candidate; modern sense/canonical spelling required."
g1-hist-002-010,kha-n1906-001210,'dewmet,'dewmet,noun,word,"dust; earth or soil free from sand and stone.",76,0.975,nissor-1906-kha-en,pending,pending,pending,required,required,pending_human_review,"Multiple related historical glosses; sense split must be reviewed."
g1-hist-002-011,kha-n1906-001211,'dewsaw,'dewsaw,noun,word,red earth.,76,0.975,nissor-1906-kha-en,pending,pending,pending,required,required,pending_human_review,"OCR typo in source gloss normalized only for review readability; source remains authoritative evidence record."
g1-hist-002-012,kha-n1906-001212,'dewshrah,'dewshrah,noun,word,"fallow land; arable land; virgin soil.",76,0.975,nissor-1906-kha-en,pending,pending,pending,required,required,pending_human_review,"Historical gloss contains potentially distinct land senses; human sense analysis required."
g1-hist-002-013,kha-n1906-001213,'dewtrai,'dewtrai,noun,word,"solid earth; terra firma.",76,0.975,nissor-1906-kha-en,pending,pending,pending,required,required,pending_human_review,"Historical contrast with dewkynroi should be checked during sense review."
g1-hist-002-014,kha-n1906-001219,'diangti-diangjat,'diangti-diangjat,verb,compound,to receive completely.,76,0.975,nissor-1906-kha-en,pending,pending,pending,required,required,pending_human_review,"Compound verb candidate; modern form and semantics require review."
g1-hist-002-015,kha-n1906-001481,'hur,'hur,noun,word,"{abbrev. of jhur) vegetable.",94,0.975,nissor-1906-kha-en,pending,pending,pending,required,required,pending_human_review,"Historical abbreviated form; do not treat as canonical automatically."
g1-hist-002-016,kha-n1906-001919,'iiewlep,'iiewlep,noun,word,a pitfall.,132,0.975,nissor-1906-kha-en,pending,pending,pending,required,required,pending_human_review,"Clean historical candidate; modern spelling/usage required."
g1-hist-002-017,kha-n1906-001626,'jat-diih,'jat-diih,noun,compound,the little toe.,112,0.975,nissor-1906-kha-en,pending,pending,pending,required,required,pending_human_review,"Body-part compound; modern spelling and hyphenation require review."
g1-hist-002-018,kha-n1906-001625,'jat-kmie,'jat-kmie,noun,compound,the big toe.,112,0.975,nissor-1906-kha-en,pending,pending,pending,required,required,pending_human_review,"Body-part compound; modern spelling and hyphenation require review."
g1-hist-002-019,kha-n1906-000332,'kain-dait,'kain-dait,noun,compound,a mosquito.,26,0.975,nissor-1906-kha-en,pending,pending,pending,required,required,pending_human_review,"Faunal term; modern spelling and lexical identity require review."
g1-hist-002-020,kha-n1906-000333,'kain-iong,'kain-iong,noun,compound,a meat-fly.,26,0.975,nissor-1906-kha-en,pending,pending,pending,required,required,pending_human_review,"Faunal term; modern spelling and lexical identity require review."
