candidate_id,headword,source_part_of_speech,canonical_spelling,part_of_speech_decision,definition_kha,definition_en,example_kha,example_en,dialect,register,variant_of,sense_notes,reviewer,review_date,decision,comments
kha-v04-p001-001,'ñiuhtmoh,noun,,,,,,,,,,,,,pending,
kha-v04-p001-002,balang,noun,,,,,,,,,,,,,pending,
kha-v04-p001-003,bamkhana,noun,,,,,,,,,,,,,pending,
kha-v04-p001-004,barobakhor,noun,,,,,,,,,,,,,pending,
kha-v04-p001-005,blei,noun,,,,,,,,,,,,,pending,
kha-v04-p001-006,bnai,noun,,,,,,,,,,,,,pending,
kha-v04-p001-007,bniat,noun,,,,,,,,,,,,,pending,
kha-v04-p001-008,briew,noun,,,,,,,,,,,,,pending,
kha-v04-p001-009,briw,noun,,,,,,,,,,,,,pending,
kha-v04-p001-010,burom,noun,,,,,,,,,,,,,pending,
kha-v04-p001-011,bynriew,noun,,,,,,,,,,,,,pending,
kha-v04-p001-012,bynta,noun,,,,,,,,,,,,,pending,
kha-v04-p001-013,dieng,noun,,,,,,,,,,,,,pending,
kha-v04-p001-014,ding,noun,,,,,,,,,,,,,pending,
kha-v04-p001-015,dkhan,noun,,,,,,,,,,,,,pending,
kha-v04-p001-016,doh,noun,,,,,,,,,,,,,pending,
kha-v04-p001-017,dohkha,noun,,,,,,,,,,,,,pending,
kha-v04-p001-018,masi,noun,,,,,,,,,,,,,pending,
kha-v04-p001-019,maw,noun,,,,,,,,,,,,,pending,
kha-v04-p001-020,mrad,noun,,,,,,,,,,,,,pending,
kha-v04-p001-021,musla,noun,,,,,,,,,,,,,pending,
kha-v04-p001-022,niam,noun,,,,,,,,,,,,,pending,
kha-v04-p001-023,pdeng,noun,,,,,,,,,,,,,pending,
kha-v04-p001-024,phira,noun,,,,,,,,,,,,,pending,
kha-v04-p001-025,phlang,noun,,,,,,,,,,,,,pending,
kha-v04-p001-026,phria,noun,,,,,,,,,,,,,pending,
kha-v04-p001-027,pylleng,noun,,,,,,,,,,,,,pending,
kha-v04-p001-028,pyrsut,noun,,,,,,,,,,,,,pending,
kha-v04-p001-029,pyrthat,noun,,,,,,,,,,,,,pending,
kha-v04-p001-030,pyrthei,noun,,,,,,,,,,,,,pending,
kha-v04-p001-031,reng,noun,,,,,,,,,,,,,pending,
kha-v04-p001-032,rnga,noun,,,,,,,,,,,,,pending,
kha-v04-p001-033,sharing,noun,,,,,,,,,,,,,pending,
kha-v04-p001-034,shkor,noun,,,,,,,,,,,,,pending,
kha-v04-p001-035,shnong,noun,,,,,,,,,,,,,pending,
kha-v04-p001-036,shñiuh,noun,,,,,,,,,,,,,pending,
kha-v04-p001-037,siej,noun,,,,,,,,,,,,,pending,
kha-v04-p001-038,sim,noun,,,,,,,,,,,,,pending,
kha-v04-p001-039,sing-mana,noun,,,,,,,,,,,,,pending,
kha-v04-p001-040,skong,noun,,,,,,,,,,,,,pending,
kha-v04-p001-041,sla,noun,,,,,,,,,,,,,pending,
kha-v04-p001-042,slap,noun,,,,,,,,,,,,,pending,
kha-v04-p001-043,snait,noun,,,,,,,,,,,,,pending,
kha-v04-p001-044,snem,noun,,,,,,,,,,,,,pending,
kha-v04-p001-045,sner,noun,,,,,,,,,,,,,pending,
kha-v04-p001-046,sniang,noun,,,,,,,,,,,,,pending,
kha-v04-p001-047,sohpieng,noun,,,,,,,,,,,,,pending,
kha-v04-p001-048,spah,noun,,,,,,,,,,,,,pending,
kha-v04-p001-049,um,noun,,,,,,,,,,,,,pending,
kha-v04-p001-050,ïing,noun,,,,,,,,,,,,,pending,
kha-v04-p001-051,at-khu,verb,,,,,,,,,,,,,pending,
kha-v04-p001-052,bsa,verb,,,,,,,,,,,,,pending,
kha-v04-p001-053,bta,verb,,,,,,,,,,,,,pending,
kha-v04-p001-054,buh,verb,,,,,,,,,,,,,pending,
kha-v04-p001-055,dei,verb,,,,,,,,,,,,,pending,
kha-v04-p001-056,ker,verb,,,,,,,,,,,,,pending,
kha-v04-p001-057,kha,verb,,,,,,,,,,,,,pending,
kha-v04-p001-058,khap,verb,,,,,,,,,,,,,pending,
kha-v04-p001-059,kot,verb,,,,,,,,,,,,,pending,
kha-v04-p001-060,kren,verb,,,,,,,,,,,,,pending,
kha-v04-p001-061,kut,verb,,,,,,,,,,,,,pending,
kha-v04-p001-062,kynjat,verb,,,,,,,,,,,,,pending,
kha-v04-p001-063,kynmaw,verb,,,,,,,,,,,,,pending,
kha-v04-p001-064,kynton,verb,,,,,,,,,,,,,pending,
kha-v04-p001-065,kyrteng,verb,,,,,,,,,,,,,pending,
kha-v04-p001-066,kñia,verb,,,,,,,,,,,,,pending,
kha-v04-p001-067,lait,verb,,,,,,,,,,,,,pending,
kha-v04-p001-068,laitluid,verb,,,,,,,,,,,,,pending,
kha-v04-p001-069,phalang,verb,,,,,,,,,,,,,pending,
kha-v04-p001-070,phira,verb,,,,,,,,,,,,,pending,
kha-v04-p001-071,phlait,verb,,,,,,,,,,,,,pending,
kha-v04-p001-072,phrung,verb,,,,,,,,,,,,,pending,
kha-v04-p001-073,pyniap,verb,,,,,,,,,,,,,pending,
kha-v04-p001-074,pynmih,verb,,,,,,,,,,,,,pending,
kha-v04-p001-075,pyntip,verb,,,,,,,,,,,,,pending,
kha-v04-p001-076,babha,adjective,,,,,,,,,,,,,pending,
kha-v04-p001-077,baroh,adjective,,,,,,,,,,,,,pending,
kha-v04-p001-078,bha,adjective,,,,,,,,,,,,,pending,
kha-v04-p001-079,bymjukut,adjective,,,,,,,,,,,,,pending,
kha-v04-p001-080,bymman,adjective,,,,,,,,,,,,,pending,
kha-v04-p001-081,dei,adjective,,,,,,,,,,,,,pending,
kha-v04-p001-082,hok,adjective,,,,,,,,,,,,,pending,
kha-v04-p001-083,jlih,adjective,,,,,,,,,,,,,pending,
kha-v04-p001-084,jngai,adjective,,,,,,,,,,,,,pending,
kha-v04-p001-085,jrong,adjective,,,,,,,,,,,,,pending,
kha-v04-p001-086,khia,adjective,,,,,,,,,,,,,pending,
kha-v04-p001-087,lieh,adjective,,,,,,,,,,,,,pending,
kha-v04-p001-088,lyngkot,adjective,,,,,,,,,,,,,pending,
kha-v04-p001-089,barobor,adverb,,,,,,,,,,,,,pending,
kha-v04-p001-090,hangne,adverb,,,,,,,,,,,,,pending,
kha-v04-p001-091,khyndiat,adverb,,,,,,,,,,,,,pending,
kha-v04-p001-092,kumno,adverb,,,,,,,,,,,,,pending,
kha-v04-p001-093,aiu,pronoun,,,,,,,,,,,,,pending,
kha-v04-p001-094,kaba,pronoun,,,,,,,,,,,,,pending,
kha-v04-p001-095,kaei,pronoun,,,,,,,,,,,,,pending,
kha-v04-p001-096,kane,pronoun,,,,,,,,,,,,,pending,
kha-v04-p001-097,me,pronoun,,,,,,,,,,,,,pending,
kha-v04-p001-098,nga,pronoun,,,,,,,,,,,,,pending,
kha-v04-p001-099,ngi,pronoun,,,,,,,,,,,,,pending,
kha-v04-p001-100,u,pronoun,,,,,,,,,,,,,pending,
