candidate_id,headword,source_part_of_speech,canonical_spelling,part_of_speech_decision,definition_kha,definition_en,example_kha,example_en,dialect,register,variant_of,sense_notes,source_provenance_reviewed,license_reviewed,lexical_reviewer,grammar_reviewer,translation_reviewer,provenance_reviewer,review_date,decision,comments
kha-v04-p001-001,'ñiuhtmoh,noun,'ñiuhtmoh,noun,U shñiuh uba mih ha tmoh bad sawdong ka shyntur jong u briew.,beard; facial hair growing on the chin and lower face,U rangbah u don u 'ñiuhtmoh uba jrong.,The man has a long beard.,Standard Khasi candidate,general,,Single noun sense proposed. Compound/contracted form related to shñiuh; final orthographic treatment requires human confirmation.,,,,,,,,pending,AI-prepared candidate only. Evidence: English Wiktionary noun/compound attestation and Nissor 1906 public-domain gloss 'a beard'. Human Khasi approval required.
kha-v04-p001-002,balang,noun,balang,noun,Ka kynhun niam jong ki riewngeit kiba ïaseng bad ïamane lang.,church; religious congregation or religious society,Ka balang ka la pynlong ïa ka jingïaseng paidbah ha ka sngi U Trai.,The church held a public gathering on the Lord's Day.,Standard Khasi candidate,general,,Noun sense proposed for church/religious congregation. Historical adjectival sense must remain separate and is not included in this noun record.,,,,,,,,pending,AI-prepared candidate only. Evidence: English Wiktionary noun attestation; Nissor 1906 church/religious-society gloss; modern Tier-1 current-use evidence. Human Khasi approval required.
kha-v04-p001-003,bamkhana,noun,bamkhana,noun,Ka jingïaleit ne jingïakynduh lang ban bam dih bad lehkmen ha ka jaka shabar; ha katto katne ki shnong ka lah ruh ban kdew ïa ka jingkhawai paidbah.,picnic or communal feast; an outing or gathering centred on eating together,Ki khynnah skul ki leit bamkhana bad ki nonghikai.,The schoolchildren went on a picnic with their teachers.,Standard Khasi candidate,general,,At least two related uses are evidenced: picnic/outing and village communal feasting. Final sense split and spacing variant 'bam khana' require human review.,,,,,,,,pending,AI-prepared candidate only. Evidence: English Wiktionary compound/noun attestation; Meghalaya Arts and Culture use of Ka Bam Khana Shnong; current Khasi public usage of bam khana. Human Khasi approval required.
kha-v04-p001-004,barobakhor,noun,barobakhor,noun,Ki jait musla ba pyndonkam ban pynsngewbang ne pyniwbih ïa ka jingbam.,spices; seasoning ingredients used in food,Ka kmie ka pyndonkam da ki barobakhor ban pynsngewbang ïa ka jyntah.,The mother uses spices to make the dish tasty.,Standard Khasi candidate,general; current-status-review-needed,,Spice sense is historically attested and barobakhor is also listed as a synonym of musla. Current register/frequency requires human confirmation.,,,,,,,,pending,AI-prepared candidate only. Evidence: English Wiktionary noun category; Nissor 1906 public-domain gloss 'spices'; Wiktionary musla synonym relationship. Human Khasi approval required.
kha-v04-p001-005,blei,noun,blei,noun,U blei ne ka bor bakynja mynsiem kaba la mane kum kaba don bor halor ka jingim bad ka pyrthei.,god; deity; in Christian usage God,Ki briew ki mane ïa Blei katkum ka jingngeit jong ki.,People worship God according to their faith.,Standard Khasi candidate,general; religious,,Common-noun deity sense and Christian proper/referential use should be distinguished in the final sense structure and capitalization policy.,,,,,,,,pending,"AI-prepared candidate only. Evidence: English Wiktionary Khasi noun with IPA and god sense; Nissor 1906 public-domain gloss 'God, a god'. Human Khasi approval required."
kha-v04-p001-006,bnai,noun,bnai,noun,Ka kyntien bnai ka don ar jingmut: ka bynta por kaba ju don 28 haduh 31 sngi; bad u met bneng uba tawiar ïa ka pyrthei bad uba paw mynmiet.,month; moon,Ngi la ap ar bnai ban pyndep ïa ka kam. | U bnai u shai bha mynta ka miet.,We waited two months to complete the work. | The moon is bright tonight.,Standard Khasi candidate,general,,Must be represented as two linked senses: MONTH and MOON. Tier-1 evidence supports current use; final sense modelling requires human approval.,,,,,,,,pending,AI-prepared candidate only. Evidence: English Wiktionary month/moon senses and IPA; Nissor 1906 public-domain gloss; Tier-1 current-attested review. Human Khasi approval required.
kha-v04-p001-007,bniat,noun,bniat,noun,Ka bynta kaba eh ha shyntur kaba pyndonkam ban tmah bad tylliat ïa ka jingbam.,tooth,U khynnah u la duh kawei ka bniat.,The child lost one tooth.,Standard Khasi candidate,general,,Single anatomical noun sense proposed. Historical variant byniat should remain provenance/variant evidence rather than replace the modern form without review.,,,,,,,,pending,AI-prepared candidate only. Evidence: English Wiktionary noun attestation; Nissor 1906 byniat/bniat tooth gloss; Khasi-English reference evidence. Human Khasi approval required.
kha-v04-p001-008,briew,noun,briew,noun,U ne ka dkhot jong ka jaidbynriew.,person; human being,U briew u dei ban sumar ïa ka mariang.,A person should care for the environment.,Standard Khasi candidate,general,,Primary modern lemma proposed as briew. Historical/public evidence also records briw as an alternative form.,,,,,,,,pending,"AI-prepared candidate only. Evidence: English Wiktionary person/human sense with current pronunciation; Nissor 1906 public-domain entry 'Briw, briew'. Human Khasi approval required."
kha-v04-p001-009,briw,noun,briew,noun,Ka rukom thoh kawei jong briew kaba mut u ne ka dkhot jong ka jaidbynriew.,alternative form of briew: person; human being,Ki briw ki la wan ïaseng ha ka madan.,The people came together at the field.,Khasi variant candidate,general,briew,Proposed treatment is variant form briw pointing to canonical lemma briew rather than a duplicate independent canonical entry.,,,,,,,,pending,AI-prepared candidate only. Evidence: English Wiktionary explicitly lists briw as an alternative form of briew; Nissor 1906 records both forms together. Human approval of canonical/variant relationship required.
kha-v04-p001-010,burom,noun,burom,noun,Ka jingñiewkor bad jingkheiñkor ba la ai ïa u briew ne ïa ka kam; ka lah ruh ban kdew ïa ka nam bad ka dignity jong u briew.,honour; glory; dignity; esteem,U la ïoh ïa ka burom na ka shnong namar ka kam babha jong u.,He received honour from the village for his good work.,Standard Khasi candidate,general,,This pilot row is the noun. Nissor 1906 also records a verb 'to honour'; noun and verb must remain separate lexical/grammatical analyses.,,,,,,,,pending,AI-prepared candidate only. Evidence: English Wiktionary noun senses glory/honor/dignity with current Khasi example; Nissor 1906 noun+verb evidence. Human Khasi approval required.
kha-v04-p001-011,bynriew,noun,,,,,,,,,,,,,,,,,,pending,
kha-v04-p001-012,bynta,noun,,,,,,,,,,,,,,,,,,pending,
kha-v04-p001-013,dieng,noun,,,,,,,,,,,,,,,,,,pending,
kha-v04-p001-014,ding,noun,,,,,,,,,,,,,,,,,,pending,
kha-v04-p001-015,dkhan,noun,,,,,,,,,,,,,,,,,,pending,
kha-v04-p001-016,doh,noun,,,,,,,,,,,,,,,,,,pending,
kha-v04-p001-017,dohkha,noun,,,,,,,,,,,,,,,,,,pending,
kha-v04-p001-018,masi,noun,,,,,,,,,,,,,,,,,,pending,
kha-v04-p001-019,maw,noun,,,,,,,,,,,,,,,,,,pending,
kha-v04-p001-020,mrad,noun,,,,,,,,,,,,,,,,,,pending,
kha-v04-p001-021,musla,noun,,,,,,,,,,,,,,,,,,pending,
kha-v04-p001-022,niam,noun,,,,,,,,,,,,,,,,,,pending,
kha-v04-p001-023,pdeng,noun,,,,,,,,,,,,,,,,,,pending,
kha-v04-p001-024,phira,noun,,,,,,,,,,,,,,,,,,pending,
kha-v04-p001-025,phlang,noun,,,,,,,,,,,,,,,,,,pending,
kha-v04-p001-026,phria,noun,,,,,,,,,,,,,,,,,,pending,
kha-v04-p001-027,pylleng,noun,,,,,,,,,,,,,,,,,,pending,
kha-v04-p001-028,pyrsut,noun,,,,,,,,,,,,,,,,,,pending,
kha-v04-p001-029,pyrthat,noun,,,,,,,,,,,,,,,,,,pending,
kha-v04-p001-030,pyrthei,noun,,,,,,,,,,,,,,,,,,pending,
kha-v04-p001-031,reng,noun,,,,,,,,,,,,,,,,,,pending,
kha-v04-p001-032,rnga,noun,,,,,,,,,,,,,,,,,,pending,
kha-v04-p001-033,sharing,noun,,,,,,,,,,,,,,,,,,pending,
kha-v04-p001-034,shkor,noun,,,,,,,,,,,,,,,,,,pending,
kha-v04-p001-035,shnong,noun,,,,,,,,,,,,,,,,,,pending,
kha-v04-p001-036,shñiuh,noun,,,,,,,,,,,,,,,,,,pending,
kha-v04-p001-037,siej,noun,,,,,,,,,,,,,,,,,,pending,
kha-v04-p001-038,sim,noun,,,,,,,,,,,,,,,,,,pending,
kha-v04-p001-039,sing-mana,noun,,,,,,,,,,,,,,,,,,pending,
kha-v04-p001-040,skong,noun,,,,,,,,,,,,,,,,,,pending,
kha-v04-p001-041,sla,noun,,,,,,,,,,,,,,,,,,pending,
kha-v04-p001-042,slap,noun,,,,,,,,,,,,,,,,,,pending,
kha-v04-p001-043,snait,noun,,,,,,,,,,,,,,,,,,pending,
kha-v04-p001-044,snem,noun,,,,,,,,,,,,,,,,,,pending,
kha-v04-p001-045,sner,noun,,,,,,,,,,,,,,,,,,pending,
kha-v04-p001-046,sniang,noun,,,,,,,,,,,,,,,,,,pending,
kha-v04-p001-047,sohpieng,noun,,,,,,,,,,,,,,,,,,pending,
kha-v04-p001-048,spah,noun,,,,,,,,,,,,,,,,,,pending,
kha-v04-p001-049,um,noun,,,,,,,,,,,,,,,,,,pending,
kha-v04-p001-050,ïing,noun,,,,,,,,,,,,,,,,,,pending,
kha-v04-p001-051,at-khu,verb,,,,,,,,,,,,,,,,,,pending,
kha-v04-p001-052,bsa,verb,,,,,,,,,,,,,,,,,,pending,
kha-v04-p001-053,bta,verb,,,,,,,,,,,,,,,,,,pending,
kha-v04-p001-054,buh,verb,,,,,,,,,,,,,,,,,,pending,
kha-v04-p001-055,dei,verb,,,,,,,,,,,,,,,,,,pending,
kha-v04-p001-056,ker,verb,,,,,,,,,,,,,,,,,,pending,
kha-v04-p001-057,kha,verb,,,,,,,,,,,,,,,,,,pending,
kha-v04-p001-058,khap,verb,,,,,,,,,,,,,,,,,,pending,
kha-v04-p001-059,kot,verb,,,,,,,,,,,,,,,,,,pending,
kha-v04-p001-060,kren,verb,,,,,,,,,,,,,,,,,,pending,
kha-v04-p001-061,kut,verb,,,,,,,,,,,,,,,,,,pending,
kha-v04-p001-062,kynjat,verb,,,,,,,,,,,,,,,,,,pending,
kha-v04-p001-063,kynmaw,verb,,,,,,,,,,,,,,,,,,pending,
kha-v04-p001-064,kynton,verb,,,,,,,,,,,,,,,,,,pending,
kha-v04-p001-065,kyrteng,verb,,,,,,,,,,,,,,,,,,pending,
kha-v04-p001-066,kñia,verb,,,,,,,,,,,,,,,,,,pending,
kha-v04-p001-067,lait,verb,,,,,,,,,,,,,,,,,,pending,
kha-v04-p001-068,laitluid,verb,,,,,,,,,,,,,,,,,,pending,
kha-v04-p001-069,phalang,verb,,,,,,,,,,,,,,,,,,pending,
kha-v04-p001-070,phira,verb,,,,,,,,,,,,,,,,,,pending,
kha-v04-p001-071,phlait,verb,,,,,,,,,,,,,,,,,,pending,
kha-v04-p001-072,phrung,verb,,,,,,,,,,,,,,,,,,pending,
kha-v04-p001-073,pyniap,verb,,,,,,,,,,,,,,,,,,pending,
kha-v04-p001-074,pynmih,verb,,,,,,,,,,,,,,,,,,pending,
kha-v04-p001-075,pyntip,verb,,,,,,,,,,,,,,,,,,pending,
kha-v04-p001-076,babha,adjective,,,,,,,,,,,,,,,,,,pending,
kha-v04-p001-077,baroh,adjective,,,,,,,,,,,,,,,,,,pending,
kha-v04-p001-078,bha,adjective,,,,,,,,,,,,,,,,,,pending,
kha-v04-p001-079,bymjukut,adjective,,,,,,,,,,,,,,,,,,pending,
kha-v04-p001-080,bymman,adjective,,,,,,,,,,,,,,,,,,pending,
kha-v04-p001-081,dei,adjective,,,,,,,,,,,,,,,,,,pending,
kha-v04-p001-082,hok,adjective,,,,,,,,,,,,,,,,,,pending,
kha-v04-p001-083,jlih,adjective,,,,,,,,,,,,,,,,,,pending,
kha-v04-p001-084,jngai,adjective,,,,,,,,,,,,,,,,,,pending,
kha-v04-p001-085,jrong,adjective,,,,,,,,,,,,,,,,,,pending,
kha-v04-p001-086,khia,adjective,,,,,,,,,,,,,,,,,,pending,
kha-v04-p001-087,lieh,adjective,,,,,,,,,,,,,,,,,,pending,
kha-v04-p001-088,lyngkot,adjective,,,,,,,,,,,,,,,,,,pending,
kha-v04-p001-089,barobor,adverb,,,,,,,,,,,,,,,,,,pending,
kha-v04-p001-090,hangne,adverb,,,,,,,,,,,,,,,,,,pending,
kha-v04-p001-091,khyndiat,adverb,,,,,,,,,,,,,,,,,,pending,
kha-v04-p001-092,kumno,adverb,,,,,,,,,,,,,,,,,,pending,
kha-v04-p001-093,aiu,pronoun,,,,,,,,,,,,,,,,,,pending,
kha-v04-p001-094,kaba,pronoun,,,,,,,,,,,,,,,,,,pending,
kha-v04-p001-095,kaei,pronoun,,,,,,,,,,,,,,,,,,pending,
kha-v04-p001-096,kane,pronoun,,,,,,,,,,,,,,,,,,pending,
kha-v04-p001-097,me,pronoun,,,,,,,,,,,,,,,,,,pending,
kha-v04-p001-098,nga,pronoun,,,,,,,,,,,,,,,,,,pending,
kha-v04-p001-099,ngi,pronoun,,,,,,,,,,,,,,,,,,pending,
kha-v04-p001-100,u,pronoun,,,,,,,,,,,,,,,,,,pending,
