record_id,headword_raw,headword_candidate,normalized,part_of_speech,historical_gloss_raw,source_line_start,source_page_approx,ocr_confidence,verification_status,notes
kha-n1906-002291,'fiiangblen,'fiiangblen,'fiiangblen,noun,"a blindworm. 'niangbliar, ka^ n. a kind of small lizard. 5JIANGB0IT 'f^IANGRAIT-WEI niangboit, ti, n. a wood- worm. niangbri, u, n. a wild pig, a boar. niangbshiah, lea, n. a cbamelion. niangbulot, u, n. a kind of fly. niangkalaw, ha, n. a cockroacb. niangkbap-kor, tt,, n. an earwig. niangkbar, n, n. cbicken-pox. niangkbnap, ka, n. a disease wbicb attacks the hoofs of cattle ; a foot-and-mouth disease. niang khriat, u. n. a small eruption on the body produced by cold. niang kongwieng, ka, n. a species of beetle which is very common in the lowlands, so called fio pa its cry. niangkseh, u, n. a long insect covered with thick fur generally found in pine trees, niangksem, ka, w. an insect which emits a fluid very injarious to human eyes, and having a very bad smell, niangkulia, u, n. syphilis, gonorrhoea, niangkwang, u, n. a wild boar that has separated himself from a herd, niangkynjah, ka, n. any insect which chirps at dead of night, niangkynthah-um, u^ n. a May-fly. niangkyntur-eit. ka, n. a lamelicorn beetle, fiiangdkhiat, m, n. the parasite causing itch, scabies, nianglartham, ka, n. a scorpion, nianglong, u, n, chrysalis, nianglyngkut, u, n. red leprosy, niangmat, ka, n. opthalmia. niang-miaw, ka, n. a tiger-beetle, fiiangmong, u, n. a discolouring of the face, niangphlang, u, n. an insect found everywhere among grass on the higher plateau of the Khasi Hills, and which is eaten by some of the people, niangpyrsit, u, n. measles, niangrah, ?/, 7i. a white-ant. See ''Kruin\ niangrait-hoh (shong), a. having a bad temper and envious spirit niangraitliang, u, n. a tape-worm. niangraitwait, w, n. wot'm generally found in stagnant water, niangrait-wei, w, n. a barren boar. U2 NIANGRIANG ^NIAT-TYNG-AM niangriang, ka, n. a water beetle. niangriej, u, n. a Wood- worm. niangser, u, n. 2^ very bad kind of sore caused by parasites. niangsliit, u, n. prickly-heat. niangsohpet, u^ n. an infantile disease which affects the nayel. niangsynrang, u, n. leprosy (black). liiangtari, ii, n. a small kind of millepede. niangteng, adj. indolent, lazy. niangthangdoh, ka, n. a firefly, a moth. niangthylliej, u, n. thrush. niangthylliew, u, n. small-pox. niangting, ad. long and thin, slim ; (as, u "" briew uba raikhoh ntangting''). niangtrew, ka, n, a very bad sore caused by itch. niangtyngkhap, ka, n. a tick. iiiangtyrkhang, 2i, n. a millepede. niangtyrsim, (sa-), kaba, n. whitlow. ]>Jiangwap, ad. very (weak) ; [as, "" u briew uba tlot niangwap u ia pyn-eh.""] Niah, V. to drive (cattle), to herd.",9697,157,0.325,pending,Automatically extracted from the complete 1906 public-domain OCR. Historical spelling/meaning/POS must be checked against the scan and modern Khasi usage. OCR/anomaly confidence below editorial threshold; inspect source image before lexical review.
kha-n1906-002290,'fiiangbading,'fiiangbading,'fiiangbading,noun,"a glowworm,",9696,157,0.575,pending,Automatically extracted from the complete 1906 public-domain OCR. Historical spelling/meaning/POS must be checked against the scan and modern Khasi usage. OCR/anomaly confidence below editorial threshold; inspect source image before lexical review.
kha-n1906-003766,CTyrsain,ctyrsain,ctyrsain,verb,"to have cramp or a creeping cold sensation (generally ""^of the feet) ; "" the feet have gone to sleep."" Tyr?aw, (iap-), ad. (to faint) out of hunger^ or thirst ; [as, ""wat leit jiugleit jngM khlem da song ja ioh iap fyrsdiv.''] [Imit, tyrsa w — ty rsian. ]",16225,265,0.575,pending,Automatically extracted from the complete 1906 public-domain OCR. Historical spelling/meaning/POS must be checked against the scan and modern Khasi usage. OCR/anomaly confidence below editorial threshold; inspect source image before lexical review.
kha-n1906-003821,Vai-solilaper,vai-solilaper,vai-solilaper,noun,the fniit of a small kind of palm.,16451,269,0.575,pending,Automatically extracted from the complete 1906 public-domain OCR. Historical spelling/meaning/POS must be checked against the scan and modern Khasi usage. OCR/anomaly confidence below editorial threshold; inspect source image before lexical review.
kha-n1906-003820,VWain,vwain,vwain,noun,"wine; — ad. easily (bent) ; (as, *' u prek u la dor iioam "" ); of a proper length (as, "" u ksai uba jrong wain ""). 245 'WAl-SOHLAPER —WAT",16442,269,0.575,pending,Automatically extracted from the complete 1906 public-domain OCR. Historical spelling/meaning/POS must be checked against the scan and modern Khasi usage. OCR/anomaly confidence below editorial threshold; inspect source image before lexical review.
kha-n1906-000512,Xhie-khynraw,xhie-khynraw,xhie-khynraw,verb,to reach the age of maturity.,2405,37,0.575,pending,Automatically extracted from the complete 1906 public-domain OCR. Historical spelling/meaning/POS must be checked against the scan and modern Khasi usage. OCR/anomaly confidence below editorial threshold; inspect source image before lexical review.
kha-n1906-000679,Xhyllew,xhyllew,xhyllew,adverb,"vainly, proudly (when praised) ; as, kren or leh kliyllei'o.",2936,46,0.575,pending,Automatically extracted from the complete 1906 public-domain OCR. Historical spelling/meaning/POS must be checked against the scan and modern Khasi usage. OCR/anomaly confidence below editorial threshold; inspect source image before lexical review.
kha-n1906-003780,XJm-biah,xjm-biah,xjm-biah,noun,"saliva, spittle.",16296,266,0.575,pending,Automatically extracted from the complete 1906 public-domain OCR. Historical spelling/meaning/POS must be checked against the scan and modern Khasi usage. OCR/anomaly confidence below editorial threshold; inspect source image before lexical review.
kha-n1906-003785,XJm-jung,xjm-jung,xjm-jung,noun,mine.,16311,266,0.575,pending,Automatically extracted from the complete 1906 public-domain OCR. Historical spelling/meaning/POS must be checked against the scan and modern Khasi usage. OCR/anomaly confidence below editorial threshold; inspect source image before lexical review.
kha-n1906-001058,Xynthih,xynthih,xynthih,verb,"to jump up (high), — ad. completely, fully, [as, "" san snem kynthih nga la shoi:ig ryngkat bad phi mynta.""]",4244,67,0.575,pending,Automatically extracted from the complete 1906 public-domain OCR. Historical spelling/meaning/POS must be checked against the scan and modern Khasi usage. OCR/anomaly confidence below editorial threshold; inspect source image before lexical review.
kha-n1906-000154,'bat-iambait ii,'bat-iambait ii,'bat-iambait ii,noun,"the sensitive plant. 'Batabak, (shata), ka, n, a leaf -umbrella.",1088,15,0.675,pending,Automatically extracted from the complete 1906 public-domain OCR. Historical spelling/meaning/POS must be checked against the scan and modern Khasi usage. OCR/anomaly confidence below editorial threshold; inspect source image before lexical review.
kha-n1906-001887,'lenpula ii,'lenpula ii,'lenpula ii,noun,a big mountain snake ; a python.,8038,130,0.675,pending,Automatically extracted from the complete 1906 public-domain OCR. Historical spelling/meaning/POS must be checked against the scan and modern Khasi usage. OCR/anomaly confidence below editorial threshold; inspect source image before lexical review.
kha-n1906-000133,Ba'n la,ba'n la,ba'n la,phrase,rather than.,1023,14,0.675,pending,Automatically extracted from the complete 1906 public-domain OCR. Historical spelling/meaning/POS must be checked against the scan and modern Khasi usage. OCR/anomaly confidence below editorial threshold; inspect source image before lexical review.
kha-n1906-000109,Balangj ka,balangj ka,balangj ka,noun,"the church ; a society (religious) ; — a. gathered, congealed.",939,13,0.675,pending,Automatically extracted from the complete 1906 public-domain OCR. Historical spelling/meaning/POS must be checked against the scan and modern Khasi usage. OCR/anomaly confidence below editorial threshold; inspect source image before lexical review.
kha-n1906-002945,Bdad um,bdad um,bdad um,noun,"the jimction of rivers. Sdang, V. to commence, to begin. Sden, V. to dam a stream. Sder, XL n. long grass used in thatcliing. Sdiah, V. to squeeze or press witH the thumb-nail, as one would do a flea. Sdie, ?/, n, an axe. Sdieh, V. to fry.",12637,205,0.675,pending,Automatically extracted from the complete 1906 public-domain OCR. Historical spelling/meaning/POS must be checked against the scan and modern Khasi usage. OCR/anomaly confidence below editorial threshold; inspect source image before lexical review.
kha-n1906-000212,Boit ha,boit ha,boit ha,noun,a rudder.,1340,19,0.675,pending,Automatically extracted from the complete 1906 public-domain OCR. Historical spelling/meaning/POS must be checked against the scan and modern Khasi usage. OCR/anomaly confidence below editorial threshold; inspect source image before lexical review.
kha-n1906-001236,DiengddWj ka,diengddwj ka,diengddwj ka,noun,a hard dried wood.,4831,77,0.675,pending,Automatically extracted from the complete 1906 public-domain OCR. Historical spelling/meaning/POS must be checked against the scan and modern Khasi usage. OCR/anomaly confidence below editorial threshold; inspect source image before lexical review.
kha-n1906-001257,Diengsong ka,diengsong ka,diengsong ka,noun,a prickly- tree resembling lea kya or the simul cree ;(in Assamese) ti.adar. {Bot.) Erijthrina ; an instrument made of pieces of wood for punishing criminals ; stocks.,4927,79,0.675,pending,Automatically extracted from the complete 1906 public-domain OCR. Historical spelling/meaning/POS must be checked against the scan and modern Khasi usage. OCR/anomaly confidence below editorial threshold; inspect source image before lexical review.
kha-n1906-001272,Diengtyllij u,diengtyllij u,diengtyllij u,noun,"a whole piece of wood. Die-laka, j ^^ ^^^ ^ wholesale. Die-lang, )",4970,80,0.675,pending,Automatically extracted from the complete 1906 public-domain OCR. Historical spelling/meaning/POS must be checked against the scan and modern Khasi usage. OCR/anomaly confidence below editorial threshold; inspect source image before lexical review.
kha-n1906-001302,Dohtdongj ka,dohtdongj ka,dohtdongj ka,noun,the hump.,5102,82,0.675,pending,Automatically extracted from the complete 1906 public-domain OCR. Historical spelling/meaning/POS must be checked against the scan and modern Khasi usage. OCR/anomaly confidence below editorial threshold; inspect source image before lexical review.
kha-n1906-001343,Dumasla ti,dumasla ti,dumasla ti,noun,tobacco leaf.,5273,84,0.675,pending,Automatically extracted from the complete 1906 public-domain OCR. Historical spelling/meaning/POS must be checked against the scan and modern Khasi usage. OCR/anomaly confidence below editorial threshold; inspect source image before lexical review.
kha-n1906-001538,Irian g,irian g,irian g,adjective,"passionate, irritable.",6575,106,0.675,pending,Automatically extracted from the complete 1906 public-domain OCR. Historical spelling/meaning/POS must be checked against the scan and modern Khasi usage. OCR/anomaly confidence below editorial threshold; inspect source image before lexical review.
kha-n1906-000536,Khir u,khir u,khir u,noun,a screw. * liiudi. I t Beugali. 32 KHIR-KHIR KHLEMRAlfJ,2477,38,0.675,pending,Automatically extracted from the complete 1906 public-domain OCR. Historical spelling/meaning/POS must be checked against the scan and modern Khasi usage. OCR/anomaly confidence below editorial threshold; inspect source image before lexical review.
kha-n1906-000673,Khur-met u,khur-met u,khur-met u,noun,"the outer part of a bamboo or a cane. Khuslai, 'v. to be anxious, to be aggrieved, to be troubled. *Khusnam, ha^ n. a name, honour, reputation. Khuti, -w, n. a short post, a peg ; — v. (lam-) to play draughts.",2916,46,0.675,pending,Automatically extracted from the complete 1906 public-domain OCR. Historical spelling/meaning/POS must be checked against the scan and modern Khasi usage. OCR/anomaly confidence below editorial threshold; inspect source image before lexical review.
kha-n1906-000701,Khynra w,khynra w,khynra w,noun,"a young man or woman ; shongJchynrdw, to lead a bachelor's or spinster's life.",2987,47,0.675,pending,Automatically extracted from the complete 1906 public-domain OCR. Historical spelling/meaning/POS must be checked against the scan and modern Khasi usage. OCR/anomaly confidence below editorial threshold; inspect source image before lexical review.
kha-n1906-000773,Kohlyngkai w,kohlyngkai w,kohlyngkai w,noun,the rhinoceros horn-bill.,3318,52,0.675,pending,Automatically extracted from the complete 1906 public-domain OCR. Historical spelling/meaning/POS must be checked against the scan and modern Khasi usage. OCR/anomaly confidence below editorial threshold; inspect source image before lexical review.
kha-n1906-000875,Kthaw kurim u,kthaw kurim u,kthaw kurim u,noun,a father-in-law.,3696,58,0.675,pending,Automatically extracted from the complete 1906 public-domain OCR. Historical spelling/meaning/POS must be checked against the scan and modern Khasi usage. OCR/anomaly confidence below editorial threshold; inspect source image before lexical review.
kha-n1906-002819,Kyngkew-u-Basa u,kyngkew-u-basa u,kyngkew-u-basa u,noun,a village patron God.,12077,196,0.675,pending,Automatically extracted from the complete 1906 public-domain OCR. Historical spelling/meaning/POS must be checked against the scan and modern Khasi usage. OCR/anomaly confidence below editorial threshold; inspect source image before lexical review.
kha-n1906-002045,Lyntaitj ka,lyntaitj ka,lyntaitj ka,noun,the swallow.,8702,141,0.675,pending,Automatically extracted from the complete 1906 public-domain OCR. Historical spelling/meaning/POS must be checked against the scan and modern Khasi usage. OCR/anomaly confidence below editorial threshold; inspect source image before lexical review.
kha-n1906-002522,Phrong ka,phrong ka,phrong ka,noun,"fat left after the oil has been extracted by frying. Phroh, V. to feed (as a mother-bird does her young ones). Phroh-jyndem, u^ n\. a hoopoe. Phroi, V. to crush a thing into powder and to sprinkle it. * Phrung, V. to push in, enter, insert.",10841,176,0.675,pending,Automatically extracted from the complete 1906 public-domain OCR. Historical spelling/meaning/POS must be checked against the scan and modern Khasi usage. OCR/anomaly confidence below editorial threshold; inspect source image before lexical review.
kha-n1906-002531,Phylliah-ding w,phylliah-ding w,phylliah-ding w,noun,a flying cinder or spark.,10897,177,0.675,pending,Automatically extracted from the complete 1906 public-domain OCR. Historical spelling/meaning/POS must be checked against the scan and modern Khasi usage. OCR/anomaly confidence below editorial threshold; inspect source image before lexical review.
kha-n1906-002818,Ryngkew ka,ryngkew ka,ryngkew ka,noun,dry land (as opposed to water).,12076,196,0.675,pending,Automatically extracted from the complete 1906 public-domain OCR. Historical spelling/meaning/POS must be checked against the scan and modern Khasi usage. OCR/anomaly confidence below editorial threshold; inspect source image before lexical review.
kha-n1906-003849,Yn sa,yn sa,yn sa,phrase,"it will. Ynda, conj, after, when, till.",16584,271,0.675,pending,Automatically extracted from the complete 1906 public-domain OCR. Historical spelling/meaning/POS must be checked against the scan and modern Khasi usage. OCR/anomaly confidence below editorial threshold; inspect source image before lexical review.
kha-n1906-001503,'iar-mangkalai,'iar-mangkalai,'iar-mangkalai,noun,"a long-legged fowl. larong, ka, n. a small net bag for putting odds and ends, esp. betel-nut, lime, tobacco, etc. \^Imit, ka iarong-ka iadep.] laroh, V. to praise, 'iar-padat, u^ n. a cock which is killed and thrown three times over the Khasi funeral pyre, when fire is set to it. 'iar-ryngkuh, u^ n. a cock. lasang, a. not sanctioned by the laws and custom of society ; tabooing, [/mit. iasang-iama.] lasaid, v. to argue, to debate. las^id-lah, v. to hold on a discussion though beaten. lasdm, V. to divide. [Imit. ias^m-iapiet.] laseng, v. to gather, to meet ; to hold religious service or meetings. lashang, v. to associate with, to go near. lashah, v. to bear with, to side with. lashah-iasham, v, to have dealing in money matters, t.e.y between a money-lender and a borrower. lashdn, V. to hold out ; to support. lashem, v. to meet ; to come across. lashep, V. to suit; (as, "" ba'n tupia Phareng uba long ym i ia- shep."") ''-^ lashet, V. to plot against, to betray. lashoh, V. to fight. [Imit. lashoh-iadat.] lashoh-dohkha, v. to poison fish in a stream. lasiat, V. to have a shooting match (with bows and arrows). lasiat-shon-shiw, v. to tread on one's corns. laslem, v. to remain late. lasnij V. to harbour a revengeful spirit. lasnoh, v. to connect, to cling. lasong, 2J. to prepare and give betel nut, etc., to another; to bundle up. [Imit. iasong-iatap.] lasop, V. to cover ; to concentrate one's energy to one object ; to throng round a person or thing. lasuh-mar-iap, phr. to make the last effort in any undertaking by risking one's life. 89 IASU[T-IASHUR lAWENG lasuit-iashor, v. to confirm an agreement by pouring libations of liquor, lasiim, V. to bathe. [Imit. iasum-iasloh.] lasdm, V. to tlirow or cast a spear or pointed ekra at. lat, ia, n. a piece of wood attached to the plough. iat («i&r(?f. of k'iat), ka^ n. liquor, country spirit; (also spelt ^iad.) latang, v. to make a solemn agreement by oaths. latai, V. to sift, to scrutinize, to discuss. latait, V. to rejest, to disclaim. latdp, V. to go beyond the proper limit ; to encroach upon. lateh-ktien, phr. to betroth. latem, v. to play on a stringed instrument ; to extinguish a fire. latem-ktien, v. to interrupt one in the course of his conversation. lathad, v. to expose ; to wash dirty linen in public \_Imit. iathad- iabad.] lathain, v. to interweave ; to find an excuse. lathan, ) v. to look to another for the performance of one's own lathansi, ) duty ; to find an excuse for not doing a thing because others are not doing it. lathap, V. to watch for an opportunity, to waylay. lathong, V. to bet, to wager. lathoh, V. to commit in writing ; to register a marriage. [Iiiiit- iathoh-iatar.] lathuh, V. to tell, to relate. lathiihkhana, v. to relate as a story ; to preach. \_Imit. iathuh- khana-iathuhkhadeh.] latla, V. to quarrel by using obscene words. \_Imit. iatla-iatlep.j 'iaw (ydw), a. grown-up, ripe ; courageous ; an appellation of old women ; the fern, of koh which is an appellation of old men.",6178,99,0.725,pending,Automatically extracted from the complete 1906 public-domain OCR. Historical spelling/meaning/POS must be checked against the scan and modern Khasi usage. OCR/anomaly confidence below editorial threshold; inspect source image before lexical review.
kha-n1906-001500,Jaid-ior-ior,jaid-ior-ior,jaid-ior-ior,verb,"to walk slowly as a weak person. laid-laitlan, v. to walk as if under no restraint ; to roam about. Idid lammir.//^r. to lead a profligate life. laid-lyngngeh, v. to walk slowly by throwing the head backwards. Idid-pawang, v, to swagger. 8G lAID-SHAN-SHAN lAPKUT Idid-shan-shaii, "") v. to walk as one who has been, under the in- I^id-shen-shen, ) fliience of liquor ; to stagger. I^id-suda, v. to go or walk without a load. laid-thnet thnet, v. to walk as if one means to knock against everything. laid-tnet-tnet, v. to walk as if one is regardless of what the feet might knock against. lai, (prefix) v. to continue to, [as, idi kren, idi long, idi shong.] la-ieh noh, v. to leave off; to divorce, lajan, a. near each other. — v. closely related, lalade, pron. self, to one's self. laiam, v. to lead. lalap, V. to say ; preach. [Imit. ialap-iariew.] laluh, V. to woo, make love, allure, entice. [IrniL ialuli-iapah.] lalur, V. to court, solicit for marria^ic. lam, V. to weep, cry. (Pronounced yam). s lamai, v. to quarrel. [Imit. iamal-iania.] lamhait, v. to easily give way to crying, lam-hriew, v. to lament for the dead, lanap, v. to devote one's self to. lania, v. to dispute, quarrel, argue. lanoh, V. to add a little more quantity than what is bought upon the terms agreed upon ; — v. {imper.) let us be off. lapoi, V. to cohabit. lap {yap), ^- to die, to lose. [Imit. iap-im.] 'iap, {abbrev. of shyiap), u, n. sand ; [as, 'x'^/lieh,' zV^^-wah.] lap-antr, ad. (generally used with rkhie), to laugh to one's heart's content. [Imit. lap-ang-iapler.] lapah, V. to allure, to decoy. [Imit. lapah-ialuh.] lapbiej, v. to die of accident or as the result of one's own care- lessness. [Imit. iap-biej-iap them.] lapein, v. to give for change (money) ; to barter. lapkhlam, v. to die of cholera ; — ha, n. cholera. [Imit. iapkhlam- iapngoh.] lapkut, V. to die because one could not get out of danger as from a burning house or a besieged fort. 87 lAPDUH ^lAR-LASIR lapduh, V. to be annihilated, to die without having any female relative surviving him. [Imit. iap-duh-iaptan.] lapngiah, v. to be much absorbed in anything ; to be charmed with. [Imit. iapngiah-iapshoin.] lap-iap, ad. thin and light (cloth). lap-ieng. v. to die in a standing posture as a withered tree. lap-iong, V. to be attacked with mildew, — ka, n. kdld-dzdr. lap-jyllop, V. to die of drowning ; to be drowned. lapler, v. to fall into a swoon, to faint. lap-op, V. to die of suffocation. lap-pongding, v. to die with a child in the womb. \_Imit. iap- pongding-iap-pongruh.] lap-shiliang, ka, n. palsy. lap-snap (i-), v. ;to be of any worth (said of property and used with the negative particle ym!) lap-snem, v. to die of epidemic disease, esp. of cholera. lap-thai, d. to wither ; to droop or be sorrowful ; to pine away in sorrow. lap-them, ka^ n. cholera. lap-thngan, v. to die of starvation. [Imit. iapthngan-iapjing-it.] lap-tram, v. to wither. lap-tyrsaw, v. to faint from hunger, [/mit. iap-tyrsaw-iaptyr- sian.] lap-tyr-ut, …",6030,96,0.725,pending,Automatically extracted from the complete 1906 public-domain OCR. Historical spelling/meaning/POS must be checked against the scan and modern Khasi usage. OCR/anomaly confidence below editorial threshold; inspect source image before lexical review.
